Workbook

Sheet Danh sách nhà đất
A1: STT | B1: Mã BĐS | C1: Tên BĐS | D1: Loại BĐS | E1: Giá bán (VNĐ) | F1: Chiết khấu (%) | G1: Giá sau chiết khấu (VNĐ) | H1: Giá thuê mỗi tháng (VNĐ) | I1: Mã MG | J1: Môi giới | K1: Tỷ lệ hoa hồng | L1: Hoa hồng (VNĐ)
A2: 1 | B2: SH001 | C2: Villa Riverside | D2: Biệt thự | E2: 15000000000 | F2: 0.05 | G2: =E2*(1-F2) -> 14250000000 | H2: =G2*'Tham số'!$B$2 -> 57000000 | I2: MG01 | J2: =VLOOKUP(I2,'Bảng tra môi giới'!$A$2:$C$5,2,FALSE()) -> Nguyễn An | K2: =VLOOKUP(I2,'Bảng tra môi giới'!$A$2:$C$5,3,FALSE()) -> 0.02 | L2: =E2*K2 -> 300000000
A3: 2 | B3: SH002 | C3: Sunrise Apartment | D3: Căn hộ | E3: 3200000000 | F3: 0 | G3: =E3*(1-F3) -> 3200000000 | H3: =G3*'Tham số'!$B$2 -> 12800000 | I3: MG02 | J3: =VLOOKUP(I3,'Bảng tra môi giới'!$A$2:$C$5,2,FALSE()) -> Trần Minh | K3: =VLOOKUP(I3,'Bảng tra môi giới'!$A$2:$C$5,3,FALSE()) -> 0.015 | L3: =E3*K3 -> 48000000
A4: 3 | B4: SH003 | C4: Green Park House | D4: Nhà phố | E4: 6800000000 | F4: 0.03 | G4: =E4*(1-F4) -> 6596000000 | H4: =G4*'Tham số'!$B$2 -> 26384000 | I4: MG03 | J4: =VLOOKUP(I4,'Bảng tra môi giới'!$A$2:$C$5,2,FALSE()) -> Lê Hằng | K4: =VLOOKUP(I4,'Bảng tra môi giới'!$A$2:$C$5,3,FALSE()) -> 0.018 | L4: =E4*K4 -> 1.224e+08
A5: 4 | B5: SH004 | C5: Skyline Apartment | D5: Căn hộ | E5: 2650000000 | F5: 0 | G5: =E5*(1-F5) -> 2650000000 | H5: =G5*'Tham số'!$B$2 -> 10600000 | I5: MG02 | J5: =VLOOKUP(I5,'Bảng tra môi giới'!$A$2:$C$5,2,FALSE()) -> Trần Minh | K5: =VLOOKUP(I5,'Bảng tra môi giới'!$A$2:$C$5,3,FALSE()) -> 0.015 | L5: =E5*K5 -> 39750000
A6: 5 | B6: SH005 | C6: Ocean View Villa | D6: Biệt thự | E6: 18500000000 | F6: 0.05 | G6: =E6*(1-F6) -> 17575000000 | H6: =G6*'Tham số'!$B$2 -> 70300000 | I6: MG01 | J6: =VLOOKUP(I6,'Bảng tra môi giới'!$A$2:$C$5,2,FALSE()) -> Nguyễn An | K6: =VLOOKUP(I6,'Bảng tra môi giới'!$A$2:$C$5,3,FALSE()) -> 0.02 | L6: =E6*K6 -> 370000000
A7: 6 | B7: SH006 | C7: Central House | D7: Nhà phố | E7: 5200000000 | F7: 0.02 | G7: =E7*(1-F7) -> 5096000000 | H7: =G7*'Tham số'!$B$2 -> 20384000 | I7: MG04 | J7: =VLOOKUP(I7,'Bảng tra môi giới'!$A$2:$C$5,2,FALSE()) -> Phạm Nam | K7: =VLOOKUP(I7,'Bảng tra môi giới'!$A$2:$C$5,3,FALSE()) -> 0.016 | L7: =E7*K7 -> 83200000

Sheet Bảng tra môi giới
A1: Mã MG | B1: Môi giới | C1: Tỷ lệ hoa hồng
A2: MG01 | B2: Nguyễn An | C2: 0.02
A3: MG02 | B3: Trần Minh | C3: 0.015
A4: MG03 | B4: Lê Hằng | C4: 0.018
A5: MG04 | B5: Phạm Nam | C5: 0.016

Sheet Tham số
A1: Tên tham số | B1: Giá trị
A2: Giá thuê mỗi tháng (% giá sau chiết khấu) | B2: 0.004
A4: Ghi chú: 0,4% mỗi tháng là giá trị giả định, thay bằng số thực nếu có. Hoa hồng tính trên giá bán. Chữ xanh là dữ liệu nhập, chữ đen là công thức.
